{
	"_": "Généré par scripts/taux.mjs — ne pas éditer à la main.",
	"empreinte": "89c0d4e76ecc5e7b",
	"boosters": 3000000,
	"graine": 99537381,
	"cartes": 15000000,
	"boostersAvec": {
		"prism": 0.043033666666666665,
		"fullArt": 0.08526333333333333,
		"pireDisettePrism": 39,
		"pireDisetteFullArt": 35
	},
	"boostersSansGarantie": {
		"reference": 400000,
		"prism": 0.0309575,
		"fullArt": 0.0803,
		"pireDisettePrism": 335,
		"pireDisetteFullArt": 133
	},
	"versions": {
		"eshin": 214721,
		"messe-basse": 214025,
		"sela-premiere-au-vent": 213898,
		"nouvelle-peau": 213882,
		"nemi-deuxieme-allure": 213777,
		"vasna": 213776,
		"rebond-de-lumiere": 213594,
		"seconde-sentence": 213555,
		"doras": 213519,
		"rompre": 213470,
		"exel": 213435,
		"appel-a-lordre": 213395,
		"preter-une-forme": 213303,
		"eshna": 213288,
		"chant-daube": 213284,
		"morna": 213242,
		"renna": 213215,
		"echo-du-dixieme-mot": 213206,
		"thanor": 213197,
		"tala": 213155,
		"rendre-au-silence": 213127,
		"recitation": 213109,
		"selin-ecoute-la-cendre": 213069,
		"bruler-le-jour": 213027,
		"norel": 212812,
		"korven": 212737,
		"renas": 212580,
		"senel": 200880,
		"dorin": 200506,
		"morek": 200089,
		"exna": 199650,
		"velsa": 185264,
		"registre-des-absents": 144592,
		"brume-memorielle": 144438,
		"tours-de-grammaire": 144322,
		"orel-veilleur-des-restes": 144116,
		"korsa": 144104,
		"route-sans-rambarde": 144094,
		"premiere-chaine": 144084,
		"moren": 144035,
		"sorel-mille-postures": 144004,
		"exoran": 143996,
		"senna": 143938,
		"couronne-dos": 143888,
		"eskor": 143739,
		"courbe-des-possibles": 143688,
		"dasen": 143622,
		"sentence-dor": 143608,
		"sentence-retournee": 143584,
		"thessa": 143454,
		"talvas": 135319,
		"velor": 134895,
		"avel-rieur-des-retours": 134773,
		"clameur-dexen": 134538,
		"interstice": 74028,
		"dorvel": 73399,
		"vasis-assemble": 73376,
		"bord-du-monde": 73312,
		"halo-a-charniere": 73232,
		"enfant-de-xenen": 73209,
		"exva": 73137,
		"premiere-armee": 73104,
		"doublement-des-choeurs": 73051,
		"lampe-des-noms-eteints": 72992,
		"dernier-mot": 72951,
		"thalen": 72949,
		"trait-de-soleil": 72921,
		"rebond-de-lumiere--showcase": 67783,
		"echo-du-dixieme-mot--showcase": 67752,
		"eshin--showcase": 67736,
		"thanor--showcase": 67633,
		"renas--showcase": 67561,
		"chant-daube--showcase": 67553,
		"preter-une-forme--showcase": 67544,
		"bruler-le-jour--showcase": 67537,
		"sela-premiere-au-vent--showcase": 67476,
		"recitation--showcase": 67467,
		"morna--showcase": 67437,
		"doras--showcase": 67436,
		"eshna--showcase": 67420,
		"selin-ecoute-la-cendre--showcase": 67402,
		"messe-basse--showcase": 67389,
		"korven--showcase": 67380,
		"vasna--showcase": 67360,
		"rompre--showcase": 67319,
		"exel--showcase": 67277,
		"renna--showcase": 67214,
		"tala--showcase": 67214,
		"seconde-sentence--showcase": 67193,
		"norel--showcase": 67143,
		"rendre-au-silence--showcase": 67143,
		"nemi-deuxieme-allure--showcase": 67068,
		"nouvelle-peau--showcase": 66975,
		"appel-a-lordre--showcase": 66910,
		"dorin--showcase": 63486,
		"senel--showcase": 63478,
		"morek--showcase": 63471,
		"exna--showcase": 63079,
		"velsa--showcase": 58268,
		"dasen--regular": 45712,
		"route-sans-rambarde--regular": 45694,
		"eskor--regular": 45662,
		"exoran--regular": 45640,
		"senna--regular": 45620,
		"sentence-retournee--regular": 45608,
		"registre-des-absents--regular": 45505,
		"couronne-dos--regular": 45491,
		"brume-memorielle--regular": 45476,
		"premiere-chaine--regular": 45428,
		"courbe-des-possibles--regular": 45416,
		"thessa--regular": 45411,
		"tours-de-grammaire--regular": 45411,
		"orel-veilleur-des-restes--regular": 45396,
		"korsa--regular": 45388,
		"moren--regular": 45309,
		"sentence-dor--regular": 45302,
		"sorel-mille-postures--regular": 45236,
		"rasen": 45164,
		"doran": 45086,
		"clameur-dexen--regular": 42885,
		"talvas--regular": 42563,
		"velna": 42477,
		"koren": 42257,
		"eshel": 42242,
		"moras": 42036,
		"porte-du-dehors": 41945,
		"exen": 41864,
		"avel-rieur-des-retours--regular": 23854,
		"dernier-mot--cosmos": 23573,
		"velor--regular": 23430,
		"thalen--cosmos": 23337,
		"dorvel--cosmos": 23293,
		"halo-a-charniere--cosmos": 23270,
		"enfant-de-xenen--cosmos": 23194,
		"exva--cosmos": 23170,
		"vasis-assemble--cosmos": 23130,
		"trait-de-soleil--cosmos": 23127,
		"lampe-des-noms-eteints--cosmos": 23097,
		"premiere-armee--cosmos": 23070,
		"bord-du-monde--cosmos": 22970,
		"doublement-des-choeurs--cosmos": 22814,
		"velor--showcase": 19055,
		"avel-rieur-des-retours--showcase": 18878,
		"exna--fullart": 17353,
		"dorin--fullart": 17257,
		"velsa--alt1--showcase": 15952,
		"moras--cosmos": 13323,
		"morek--fullart": 13268,
		"senel--fullart": 13232,
		"porte-du-dehors--cosmos": 13226,
		"velsa--fullart": 12094,
		"interstice--cosmos": 11622,
		"interstice--showcase": 11565,
		"clameur-dexen--fullart": 9161,
		"velor--fullart": 9154,
		"talvas--fullart": 9100,
		"avel-rieur-des-retours--fullart": 9037,
		"rasen--cosmos": 7923,
		"doran--cosmos": 7847,
		"eshel--cosmos": 7353,
		"velna--cosmos": 7322,
		"koren--cosmos": 7234,
		"exen--galerie": 6856,
		"velsa--alt1--fullart--showcase": 6786,
		"exen--cosmos": 6686,
		"doran--showcase": 6332,
		"rasen--showcase": 6271,
		"eshel--showcase": 6004,
		"koren--showcase": 5965,
		"velna--showcase": 5839,
		"premiere-armee--fullart": 5191,
		"exva--fullart": 5119,
		"dernier-mot--fullart": 5097,
		"enfant-de-xenen--fullart": 5062,
		"dorvel--fullart": 5060,
		"vasis-assemble--fullart": 5045,
		"interstice--fullart": 5039,
		"thalen--fullart": 5029,
		"doublement-des-choeurs--fullart": 5025,
		"bord-du-monde--fullart": 5021,
		"halo-a-charniere--fullart": 5019,
		"trait-de-soleil--fullart": 4990,
		"lampe-des-noms-eteints--fullart": 4980,
		"senel--fullart--showcase": 4298,
		"morek--fullart--showcase": 4075,
		"velsa--fullart--showcase": 3807,
		"doran--fullart": 3301,
		"rasen--fullart": 3209,
		"velna--fullart": 3005,
		"eshel--fullart": 2998,
		"exen--fullart": 2951,
		"moras--fullart": 2948,
		"porte-du-dehors--fullart": 2938,
		"koren--fullart": 2936,
		"talvas--fullart--regular": 2932,
		"clameur-dexen--fullart--regular": 2787,
		"thalen--fullart--cosmos": 2726,
		"premiere-armee--fullart--cosmos": 2673,
		"doublement-des-choeurs--fullart--cosmos": 2656,
		"halo-a-charniere--fullart--cosmos": 2643,
		"enfant-de-xenen--fullart--cosmos": 2631,
		"velor--fullart--regular": 1608,
		"avel-rieur-des-retours--fullart--regular": 1548,
		"interstice--fullart--amazing": 1388,
		"dorvel--fullart--cosmos": 1370,
		"lampe-des-noms-eteints--fullart--cosmos": 1355,
		"trait-de-soleil--fullart--cosmos": 1346,
		"dorvel--fullart--showcase": 1337,
		"exva--fullart--cosmos": 1334,
		"interstice--fullart--cosmos": 1332,
		"trait-de-soleil--fullart--showcase": 1332,
		"bord-du-monde--fullart--showcase": 1325,
		"dernier-mot--fullart--showcase": 1322,
		"avel-rieur-des-retours--fullart--showcase": 1297,
		"lampe-des-noms-eteints--fullart--showcase": 1294,
		"exva--fullart--showcase": 1293,
		"bord-du-monde--fullart--cosmos": 1290,
		"vasis-assemble--fullart--showcase": 1280,
		"vasis-assemble--fullart--cosmos": 1269,
		"dernier-mot--fullart--cosmos": 1261,
		"velor--fullart--showcase": 1220,
		"velna--fullart--cosmos": 1165,
		"doran--fullart--cosmos": 1155,
		"rasen--fullart--cosmos": 1153,
		"koren--fullart--cosmos": 1137,
		"eshel--fullart--cosmos": 1118,
		"porte-du-dehors--fullart--cosmos": 1042,
		"exen--fullart--cosmos": 1035,
		"moras--fullart--cosmos": 1019,
		"porte-du-dehors--fullart--galerie": 1018,
		"exen--fullart--galerie": 1002,
		"rasen--fullart--showcase": 974,
		"moras--fullart--galerie": 969,
		"doran--fullart--showcase": 933,
		"velna--fullart--showcase": 902,
		"eshel--fullart--showcase": 886,
		"koren--fullart--showcase": 869
	}
}
