{
	"_": "Généré par scripts/taux.mjs — ne pas éditer à la main.",
	"empreinte": "e4c53a83a65f61a9",
	"boosters": 3000000,
	"graine": 99537381,
	"cartes": 15000000,
	"boostersAvec": {
		"prism": 0.042890333333333336,
		"fullArt": 0.082079,
		"pireDisettePrism": 39,
		"pireDisetteFullArt": 35
	},
	"boostersSansGarantie": {
		"reference": 400000,
		"prism": 0.0306125,
		"fullArt": 0.075525,
		"pireDisettePrism": 334,
		"pireDisetteFullArt": 134
	},
	"versions": {
		"doras": 214313,
		"renna": 213866,
		"exel": 213823,
		"eshin": 213763,
		"recitation": 213709,
		"rompre": 213694,
		"korven": 213612,
		"messe-basse": 213580,
		"chant-daube": 213539,
		"eshna": 213530,
		"sela-premiere-au-vent": 213525,
		"norel": 213501,
		"appel-a-lordre": 213491,
		"nemi-deuxieme-allure": 213475,
		"vasna": 213464,
		"preter-une-forme": 213394,
		"rendre-au-silence": 213368,
		"thanor": 213295,
		"tala": 213280,
		"seconde-sentence": 213190,
		"rebond-de-lumiere": 213181,
		"echo-du-dixieme-mot": 213110,
		"nouvelle-peau": 213044,
		"morna": 212937,
		"selin-ecoute-la-cendre": 212915,
		"renas": 212827,
		"bruler-le-jour": 212322,
		"senel": 200711,
		"dorin": 200260,
		"morek": 199929,
		"exna": 199839,
		"velsa": 185697,
		"tours-de-grammaire": 144334,
		"moren": 144311,
		"route-sans-rambarde": 144295,
		"sorel-mille-postures": 144117,
		"couronne-dos": 144007,
		"premiere-chaine": 144000,
		"courbe-des-possibles": 143982,
		"brume-memorielle": 143971,
		"senna": 143952,
		"korsa": 143922,
		"avel-rieur-des-retours": 143800,
		"sentence-retournee": 143789,
		"exoran": 143718,
		"sentence-dor": 143706,
		"thessa": 143627,
		"eskor": 143604,
		"dasen": 143602,
		"registre-des-absents": 143597,
		"orel-veilleur-des-restes": 143198,
		"velor": 135034,
		"talvas": 135021,
		"clameur-dexen": 134912,
		"halo-a-charniere": 73787,
		"dorvel": 73646,
		"interstice": 73514,
		"premiere-armee": 73431,
		"doublement-des-choeurs": 73280,
		"dernier-mot": 73277,
		"lampe-des-noms-eteints": 73238,
		"bord-du-monde": 73196,
		"exva": 73188,
		"trait-de-soleil": 73152,
		"enfant-de-xenen": 73118,
		"vasis-assemble": 73037,
		"thalen": 72762,
		"bruler-le-jour--showcase": 67895,
		"recitation--showcase": 67854,
		"thanor--showcase": 67702,
		"preter-une-forme--showcase": 67685,
		"norel--showcase": 67535,
		"renas--showcase": 67518,
		"echo-du-dixieme-mot--showcase": 67517,
		"appel-a-lordre--showcase": 67450,
		"seconde-sentence--showcase": 67441,
		"eshin--showcase": 67437,
		"eshna--showcase": 67426,
		"vasna--showcase": 67405,
		"messe-basse--showcase": 67400,
		"nemi-deuxieme-allure--showcase": 67375,
		"morna--showcase": 67373,
		"doras--showcase": 67357,
		"renna--showcase": 67329,
		"sela-premiere-au-vent--showcase": 67298,
		"selin-ecoute-la-cendre--showcase": 67241,
		"tala--showcase": 67197,
		"chant-daube--showcase": 67190,
		"korven--showcase": 67189,
		"rendre-au-silence--showcase": 67170,
		"rebond-de-lumiere--showcase": 67151,
		"rompre--showcase": 67088,
		"nouvelle-peau--showcase": 66989,
		"exel--showcase": 66853,
		"dorin--showcase": 63531,
		"senel--showcase": 63332,
		"morek--showcase": 63277,
		"exna--showcase": 63091,
		"velsa--showcase": 58182,
		"dasen--regular": 45901,
		"brume-memorielle--regular": 45792,
		"eskor--regular": 45759,
		"exoran--regular": 45632,
		"route-sans-rambarde--regular": 45596,
		"orel-veilleur-des-restes--regular": 45568,
		"couronne-dos--regular": 45547,
		"courbe-des-possibles--regular": 45504,
		"registre-des-absents--regular": 45396,
		"senna--regular": 45370,
		"thessa--regular": 45356,
		"tours-de-grammaire--regular": 45349,
		"korsa--regular": 45346,
		"sorel-mille-postures--regular": 45338,
		"premiere-chaine--regular": 45273,
		"moren--regular": 45229,
		"sentence-retournee--regular": 45166,
		"doran": 45163,
		"sentence-dor--regular": 45040,
		"rasen": 44855,
		"clameur-dexen--regular": 42863,
		"talvas--regular": 42726,
		"velna": 42251,
		"koren": 42171,
		"eshel": 42164,
		"porte-du-dehors": 42120,
		"moras": 42096,
		"exen": 41595,
		"avel-rieur-des-retours--regular": 25282,
		"thalen--cosmos": 23393,
		"exva--cosmos": 23367,
		"velor--regular": 23345,
		"halo-a-charniere--cosmos": 23340,
		"premiere-armee--cosmos": 23330,
		"dernier-mot--cosmos": 23296,
		"dorvel--cosmos": 23206,
		"enfant-de-xenen--cosmos": 23196,
		"vasis-assemble--cosmos": 23147,
		"bord-du-monde--cosmos": 23138,
		"lampe-des-noms-eteints--cosmos": 23080,
		"trait-de-soleil--cosmos": 23014,
		"doublement-des-choeurs--cosmos": 23010,
		"avel-rieur-des-retours--showcase": 20294,
		"velor--showcase": 19027,
		"exna--fullart": 17547,
		"dorin--fullart": 17405,
		"velsa--alt1--showcase": 15869,
		"senel--fullart": 13346,
		"morek--fullart": 13342,
		"moras--cosmos": 13245,
		"porte-du-dehors--cosmos": 13174,
		"velsa--fullart": 12123,
		"interstice--showcase": 11677,
		"interstice--cosmos": 11596,
		"velor--fullart": 9305,
		"talvas--fullart": 9298,
		"clameur-dexen--fullart": 9213,
		"trait-de-soleil--fullart": 7851,
		"rasen--cosmos": 7826,
		"doran--cosmos": 7804,
		"lampe-des-noms-eteints--fullart": 7755,
		"halo-a-charniere--fullart": 7631,
		"velna--cosmos": 7398,
		"koren--cosmos": 7364,
		"eshel--cosmos": 7309,
		"velsa--alt1--fullart--showcase": 6735,
		"exen--galerie": 6627,
		"exen--cosmos": 6618,
		"rasen--showcase": 6312,
		"doran--showcase": 6278,
		"eshel--showcase": 6020,
		"koren--showcase": 5964,
		"velna--showcase": 5959,
		"exva--fullart": 5188,
		"premiere-armee--fullart": 5175,
		"bord-du-monde--fullart": 5154,
		"dorvel--fullart": 5109,
		"dernier-mot--fullart": 5109,
		"interstice--fullart": 5099,
		"thalen--fullart": 5093,
		"enfant-de-xenen--fullart": 5076,
		"doublement-des-choeurs--fullart": 5075,
		"vasis-assemble--fullart": 5048,
		"senel--fullart--showcase": 4206,
		"morek--fullart--showcase": 4112,
		"velsa--fullart--showcase": 3832,
		"doran--fullart": 3267,
		"rasen--fullart": 3231,
		"koren--fullart": 3029,
		"exen--fullart": 3012,
		"moras--fullart": 2966,
		"velna--fullart": 2957,
		"porte-du-dehors--fullart": 2923,
		"talvas--fullart--regular": 2888,
		"eshel--fullart": 2876,
		"clameur-dexen--fullart--regular": 2853,
		"thalen--fullart--cosmos": 2703,
		"doublement-des-choeurs--fullart--cosmos": 2697,
		"premiere-armee--fullart--cosmos": 2651,
		"enfant-de-xenen--fullart--cosmos": 2590,
		"velor--fullart--regular": 1631,
		"bord-du-monde--fullart--showcase": 1396,
		"interstice--fullart--amazing": 1383,
		"exva--fullart--cosmos": 1369,
		"dorvel--fullart--cosmos": 1363,
		"interstice--fullart--cosmos": 1354,
		"dorvel--fullart--showcase": 1339,
		"exva--fullart--showcase": 1308,
		"dernier-mot--fullart--cosmos": 1305,
		"vasis-assemble--fullart--cosmos": 1299,
		"bord-du-monde--fullart--cosmos": 1294,
		"vasis-assemble--fullart--showcase": 1266,
		"dernier-mot--fullart--showcase": 1264,
		"velor--fullart--showcase": 1238,
		"koren--fullart--cosmos": 1151,
		"rasen--fullart--cosmos": 1146,
		"doran--fullart--cosmos": 1141,
		"velna--fullart--cosmos": 1137,
		"eshel--fullart--cosmos": 1105,
		"porte-du-dehors--fullart--galerie": 1019,
		"moras--fullart--cosmos": 1019,
		"exen--fullart--cosmos": 1003,
		"porte-du-dehors--fullart--cosmos": 1001,
		"moras--fullart--galerie": 998,
		"exen--fullart--galerie": 980,
		"rasen--fullart--showcase": 941,
		"doran--fullart--showcase": 913,
		"koren--fullart--showcase": 912,
		"eshel--fullart--showcase": 909,
		"velna--fullart--showcase": 888
	}
}
