{
	"_": "Généré par scripts/taux.mjs — ne pas éditer à la main.",
	"empreinte": "006cda8e9361c696",
	"boosters": 3000000,
	"graine": 99537381,
	"cartes": 15000000,
	"boostersAvec": {
		"prism": 0.045157333333333334,
		"fullArt": 0.208998,
		"pireDisettePrism": 39,
		"pireDisetteFullArt": 25
	},
	"boostersSansGarantie": {
		"reference": 400000,
		"prism": 0.0339725,
		"fullArt": 0.20671,
		"pireDisettePrism": 281,
		"pireDisetteFullArt": 45
	},
	"versions": {
		"messe-basse": 224655,
		"eshna": 224155,
		"vasna": 223575,
		"thanor": 223570,
		"doras": 223514,
		"appel-a-lordre": 223452,
		"seconde-sentence": 223434,
		"echo-du-dixieme-mot": 223414,
		"eshin": 223402,
		"rompre": 223285,
		"bruler-le-jour": 223285,
		"chant-daube": 223183,
		"recitation": 223063,
		"tala": 223044,
		"norel": 222926,
		"morna": 222918,
		"renna": 222907,
		"exel": 222822,
		"korven": 222633,
		"nouvelle-peau": 222553,
		"renas": 222370,
		"exna": 189911,
		"morek": 189830,
		"dorin": 189632,
		"senel": 189424,
		"velsa": 170546,
		"premiere-chaine": 168945,
		"couronne-dos": 168749,
		"eskor": 168656,
		"exoran": 168537,
		"dasen": 168391,
		"brume-memorielle": 168348,
		"korsa": 168340,
		"sentence-dor": 168315,
		"thessa": 168191,
		"moren": 168123,
		"tours-de-grammaire": 168109,
		"sentence-retournee": 168007,
		"senna": 167697,
		"talvas": 143800,
		"clameur-dexen": 143204,
		"velor": 142738,
		"seconde-sentence--showcase": 120622,
		"norel--showcase": 120590,
		"eshna--showcase": 120564,
		"bruler-le-jour--showcase": 120469,
		"morna--showcase": 120465,
		"recitation--showcase": 120456,
		"thanor--showcase": 120408,
		"vasna--showcase": 120350,
		"korven--showcase": 120337,
		"nouvelle-peau--showcase": 120267,
		"rompre--showcase": 120265,
		"renna--showcase": 120263,
		"appel-a-lordre--showcase": 120227,
		"messe-basse--showcase": 120201,
		"doras--showcase": 120164,
		"exel--showcase": 120024,
		"renas--showcase": 119958,
		"tala--showcase": 119896,
		"chant-daube--showcase": 119863,
		"echo-du-dixieme-mot--showcase": 119828,
		"eshin--showcase": 119200,
		"dorin--showcase": 102118,
		"senel--showcase": 102106,
		"morek--showcase": 102058,
		"exna--showcase": 101562,
		"velsa--showcase": 91683,
		"tours-de-grammaire--regular": 90907,
		"exoran--regular": 90869,
		"thessa--regular": 90741,
		"sentence-dor--regular": 90738,
		"premiere-chaine--regular": 90692,
		"korsa--regular": 90642,
		"eskor--regular": 90636,
		"moren--regular": 90498,
		"dasen--regular": 90458,
		"couronne-dos--regular": 90385,
		"sentence-retournee--regular": 90372,
		"brume-memorielle--regular": 90130,
		"senna--regular": 90108,
		"talvas--regular": 77303,
		"clameur-dexen--regular": 77149,
		"bord-du-monde": 74022,
		"exva": 73974,
		"premiere-armee": 73819,
		"vasis-assemble": 73583,
		"interstice": 73559,
		"doublement-des-choeurs": 73427,
		"thalen": 73364,
		"enfant-de-xenen": 73169,
		"dernier-mot": 73164,
		"dorvel": 73017,
		"exna--fullart": 52178,
		"dorin--fullart": 51851,
		"velor--regular": 42981,
		"bord-du-monde--cosmos": 39744,
		"vasis-assemble--cosmos": 39737,
		"dernier-mot--cosmos": 39705,
		"doublement-des-choeurs--cosmos": 39648,
		"thalen--cosmos": 39571,
		"enfant-de-xenen--cosmos": 39571,
		"dorvel--cosmos": 39558,
		"exva--cosmos": 39276,
		"premiere-armee--cosmos": 39188,
		"doran": 34214,
		"rasen": 34144,
		"velor--showcase": 34074,
		"senel--fullart": 33521,
		"morek--fullart": 33411,
		"velna": 32599,
		"exen": 32586,
		"moras": 32566,
		"porte-du-dehors": 32483,
		"koren": 32414,
		"eshel": 32145,
		"velsa--fullart": 30376,
		"clameur-dexen--fullart": 25577,
		"talvas--fullart": 25351,
		"velor--fullart": 25267,
		"velsa--alt1--showcase": 23918,
		"interstice--showcase": 19744,
		"interstice--cosmos": 19708,
		"morek--fullart--showcase": 17926,
		"senel--fullart--showcase": 17819,
		"porte-du-dehors--cosmos": 17397,
		"moras--cosmos": 17376,
		"velsa--fullart--showcase": 16124,
		"doublement-des-choeurs--fullart--cosmos": 13908,
		"talvas--fullart--regular": 13680,
		"clameur-dexen--fullart--regular": 13643,
		"thalen--fullart--cosmos": 13609,
		"premiere-armee--fullart--cosmos": 13595,
		"enfant-de-xenen--fullart--cosmos": 13554,
		"dernier-mot--fullart": 13299,
		"bord-du-monde--fullart": 13209,
		"exva--fullart": 13140,
		"premiere-armee--fullart": 13071,
		"doublement-des-choeurs--fullart": 13059,
		"interstice--fullart": 13052,
		"vasis-assemble--fullart": 13033,
		"enfant-de-xenen--fullart": 13011,
		"dorvel--fullart": 12998,
		"thalen--fullart": 12900,
		"velsa--alt1--fullart--showcase": 10217,
		"doran--cosmos": 10201,
		"rasen--cosmos": 10152,
		"koren--cosmos": 9836,
		"velna--cosmos": 9636,
		"eshel--cosmos": 9584,
		"exen--galerie": 8809,
		"exen--cosmos": 8727,
		"rasen--showcase": 8125,
		"doran--showcase": 8095,
		"koren--showcase": 7853,
		"velna--showcase": 7775,
		"eshel--showcase": 7726,
		"velor--fullart--regular": 7559,
		"vasis-assemble--fullart--cosmos": 6918,
		"bord-du-monde--fullart--cosmos": 6896,
		"interstice--fullart--cosmos": 6883,
		"dorvel--fullart--cosmos": 6851,
		"vasis-assemble--fullart--showcase": 6848,
		"exva--fullart--cosmos": 6824,
		"dernier-mot--fullart--cosmos": 6812,
		"bord-du-monde--fullart--showcase": 6811,
		"dernier-mot--fullart--showcase": 6786,
		"interstice--fullart--amazing": 6742,
		"dorvel--fullart--showcase": 6738,
		"exva--fullart--showcase": 6699,
		"rasen--fullart": 6156,
		"doran--fullart": 6103,
		"velor--fullart--showcase": 6009,
		"eshel--fullart": 5832,
		"moras--fullart": 5809,
		"velna--fullart": 5804,
		"porte-du-dehors--fullart": 5793,
		"koren--fullart": 5781,
		"exen--fullart": 5774,
		"rasen--fullart--cosmos": 5504,
		"doran--fullart--cosmos": 5477,
		"eshel--fullart--cosmos": 5342,
		"koren--fullart--cosmos": 5323,
		"velna--fullart--cosmos": 5312,
		"moras--fullart--galerie": 4968,
		"exen--fullart--cosmos": 4907,
		"exen--fullart--galerie": 4898,
		"porte-du-dehors--fullart--cosmos": 4880,
		"porte-du-dehors--fullart--galerie": 4854,
		"moras--fullart--cosmos": 4793,
		"doran--fullart--showcase": 4445,
		"rasen--fullart--showcase": 4388,
		"koren--fullart--showcase": 4372,
		"eshel--fullart--showcase": 4293,
		"velna--fullart--showcase": 4248
	}
}
