{
	"_": "Généré par scripts/taux.mjs — ne pas éditer à la main.",
	"empreinte": "dd41eef9bf0daece",
	"boosters": 3000000,
	"graine": 99537381,
	"cartes": 15000000,
	"boostersAvec": {
		"prism": 0.042954,
		"fullArt": 0.09123533333333333,
		"pireDisettePrism": 39,
		"pireDisetteFullArt": 35
	},
	"boostersSansGarantie": {
		"reference": 400000,
		"prism": 0.0309175,
		"fullArt": 0.0868725,
		"pireDisettePrism": 288,
		"pireDisetteFullArt": 151
	},
	"versions": {
		"echo-du-dixieme-mot": 263741,
		"eshna": 263426,
		"appel-a-lordre": 263239,
		"morna": 263109,
		"doras": 263034,
		"renna": 263007,
		"bruler-le-jour": 262916,
		"messe-basse": 262823,
		"exel": 262770,
		"nouvelle-peau": 262722,
		"thanor": 262716,
		"tala": 262540,
		"vasna": 262517,
		"korven": 262481,
		"chant-daube": 262447,
		"eshin": 262380,
		"seconde-sentence": 262166,
		"recitation": 261839,
		"rompre": 261808,
		"norel": 261507,
		"renas": 261278,
		"senel": 247179,
		"exna": 246739,
		"morek": 246591,
		"dorin": 246495,
		"velsa": 227603,
		"korsa": 198472,
		"premiere-chaine": 198282,
		"moren": 198188,
		"exoran": 198000,
		"couronne-dos": 197991,
		"senna": 197950,
		"sentence-dor": 197917,
		"sentence-retournee": 197884,
		"eskor": 197831,
		"brume-memorielle": 197621,
		"tours-de-grammaire": 197558,
		"dasen": 197441,
		"thessa": 197163,
		"velor": 186148,
		"talvas": 185854,
		"clameur-dexen": 185777,
		"thalen": 95888,
		"exva": 95840,
		"doublement-des-choeurs": 95720,
		"bord-du-monde": 95583,
		"dorvel": 95468,
		"vasis-assemble": 95373,
		"premiere-armee": 95238,
		"dernier-mot": 95162,
		"enfant-de-xenen": 95104,
		"interstice": 94899,
		"rompre--showcase": 83571,
		"morna--showcase": 83402,
		"vasna--showcase": 83307,
		"echo-du-dixieme-mot--showcase": 83280,
		"appel-a-lordre--showcase": 83246,
		"eshna--showcase": 83227,
		"nouvelle-peau--showcase": 83156,
		"korven--showcase": 83077,
		"tala--showcase": 83065,
		"recitation--showcase": 83059,
		"bruler-le-jour--showcase": 83043,
		"renas--showcase": 83033,
		"eshin--showcase": 83005,
		"norel--showcase": 82918,
		"messe-basse--showcase": 82892,
		"exel--showcase": 82865,
		"doras--showcase": 82804,
		"thanor--showcase": 82637,
		"seconde-sentence--showcase": 82624,
		"chant-daube--showcase": 82616,
		"renna--showcase": 82467,
		"morek--showcase": 78060,
		"senel--showcase": 77947,
		"exna--showcase": 77918,
		"dorin--showcase": 77569,
		"velsa--showcase": 71469,
		"senna--regular": 63015,
		"dasen--regular": 62706,
		"brume-memorielle--regular": 62702,
		"thessa--regular": 62588,
		"korsa--regular": 62542,
		"tours-de-grammaire--regular": 62402,
		"couronne-dos--regular": 62364,
		"exoran--regular": 62356,
		"sentence-dor--regular": 62327,
		"premiere-chaine--regular": 62292,
		"moren--regular": 62291,
		"sentence-retournee--regular": 62095,
		"eskor--regular": 62005,
		"talvas--regular": 59031,
		"clameur-dexen--regular": 58897,
		"rasen": 45101,
		"doran": 44978,
		"moras": 42327,
		"koren": 42225,
		"exen": 42154,
		"eshel": 42099,
		"velna": 42026,
		"porte-du-dehors": 41859,
		"velor--regular": 32579,
		"dernier-mot--cosmos": 30315,
		"exva--cosmos": 30281,
		"doublement-des-choeurs--cosmos": 30243,
		"dorvel--cosmos": 30152,
		"thalen--cosmos": 30141,
		"bord-du-monde--cosmos": 30101,
		"premiere-armee--cosmos": 30085,
		"vasis-assemble--cosmos": 29986,
		"enfant-de-xenen--cosmos": 29927,
		"velor--showcase": 26191,
		"exna--fullart": 21147,
		"dorin--fullart": 20975,
		"velsa--alt1--showcase": 19332,
		"morek--fullart": 15944,
		"senel--fullart": 15938,
		"interstice--cosmos": 15071,
		"interstice--showcase": 15047,
		"velsa--fullart": 14922,
		"moras--cosmos": 13135,
		"porte-du-dehors--cosmos": 13060,
		"velor--fullart": 12791,
		"talvas--fullart": 12424,
		"clameur-dexen--fullart": 12300,
		"velsa--alt1--fullart--showcase": 8308,
		"doran--cosmos": 7896,
		"rasen--cosmos": 7872,
		"velna--cosmos": 7518,
		"koren--cosmos": 7431,
		"eshel--cosmos": 7378,
		"exen--galerie": 6730,
		"premiere-armee--fullart": 6638,
		"exen--cosmos": 6638,
		"dernier-mot--fullart": 6560,
		"thalen--fullart": 6489,
		"doublement-des-choeurs--fullart": 6477,
		"dorvel--fullart": 6436,
		"interstice--fullart": 6435,
		"bord-du-monde--fullart": 6425,
		"exva--fullart": 6419,
		"enfant-de-xenen--fullart": 6418,
		"vasis-assemble--fullart": 6417,
		"doran--showcase": 6274,
		"rasen--showcase": 6236,
		"velna--showcase": 5977,
		"eshel--showcase": 5905,
		"koren--showcase": 5857,
		"morek--fullart--showcase": 5127,
		"senel--fullart--showcase": 4996,
		"velsa--fullart--showcase": 4607,
		"clameur-dexen--fullart--regular": 4004,
		"talvas--fullart--regular": 3976,
		"thalen--fullart--cosmos": 3354,
		"enfant-de-xenen--fullart--cosmos": 3328,
		"doublement-des-choeurs--fullart--cosmos": 3298,
		"premiere-armee--fullart--cosmos": 3268,
		"rasen--fullart": 3163,
		"doran--fullart": 3042,
		"exen--fullart": 2973,
		"eshel--fullart": 2936,
		"velna--fullart": 2919,
		"porte-du-dehors--fullart": 2893,
		"moras--fullart": 2856,
		"koren--fullart": 2855,
		"velor--fullart--regular": 2104,
		"velor--fullart--showcase": 1804,
		"bord-du-monde--fullart--cosmos": 1728,
		"vasis-assemble--fullart--cosmos": 1707,
		"exva--fullart--cosmos": 1687,
		"interstice--fullart--amazing": 1671,
		"dorvel--fullart--cosmos": 1661,
		"dorvel--fullart--showcase": 1650,
		"bord-du-monde--fullart--showcase": 1647,
		"dernier-mot--fullart--cosmos": 1626,
		"interstice--fullart--cosmos": 1625,
		"vasis-assemble--fullart--showcase": 1621,
		"dernier-mot--fullart--showcase": 1606,
		"exva--fullart--showcase": 1598,
		"doran--fullart--cosmos": 1300,
		"rasen--fullart--cosmos": 1268,
		"eshel--fullart--cosmos": 1244,
		"velna--fullart--cosmos": 1233,
		"koren--fullart--cosmos": 1222,
		"moras--fullart--galerie": 1158,
		"exen--fullart--galerie": 1109,
		"porte-du-dehors--fullart--galerie": 1095,
		"exen--fullart--cosmos": 1087,
		"porte-du-dehors--fullart--cosmos": 1082,
		"moras--fullart--cosmos": 1041,
		"doran--fullart--showcase": 1016,
		"eshel--fullart--showcase": 999,
		"velna--fullart--showcase": 992,
		"rasen--fullart--showcase": 990,
		"koren--fullart--showcase": 949
	}
}
